archivo,estado,errores,ruc_emisor,serie,numero,fecha,moneda,base,igv,total
factura_01,registrada,,20555666773,F001,00001000,2026-07-12,PEN,309400,55692,365092
factura_02,registrada,,20488990013,F002,00001037,2026-09-01,PEN,109500,19710,129210
factura_03,registrada,,20511223343,F003,00001074,2026-07-09,PEN,43800,7884,51684
factura_04,registrada,,20609876540,F001,00001111,2026-09-04,PEN,454500,81810,536310
factura_05,registrada,,10456789124,F002,00001148,2026-09-06,PEN,85000,15300,100300
factura_06,registrada,,20700112234,F003,00001185,2026-06-07,PEN,156900,28242,185142
factura_07,registrada,,20555666773,F001,00001222,2026-08-13,PEN,360000,64800,424800
factura_08,registrada,,20488990013,F002,00001259,2026-06-07,PEN,174500,31410,205910
factura_09,registrada,,20511223343,F003,00001296,2026-08-10,PEN,312000,56160,368160
factura_10,registrada,,20609876540,F001,00001333,2026-07-13,PEN,21900,3942,25842
factura_11,registrada,,10456789124,F002,00001370,2026-09-05,PEN,60300,10854,71154
factura_12,registrada,,20700112234,F003,00001407,2026-07-11,PEN,425700,76626,502326
factura_13,registrada,,20555666773,F001,00001444,2026-07-03,PEN,235400,42372,277772
factura_14,registrada,,20488990013,F002,00001481,2026-07-11,PEN,369000,66420,435420
factura_15,registrada,,20511223343,F003,00001518,2026-09-05,PEN,67550,12159,79709
factura_16,registrada,,20609876540,F001,00001555,2026-08-04,PEN,194950,35091,230041
factura_17,registrada,,10456789124,F002,00001592,2026-07-04,PEN,577580,103964,681544
factura_18,registrada,,20700112234,F003,00001629,2026-08-04,PEN,947600,170568,1118168
factura_19,registrada,,20555666773,F001,00001666,2026-06-14,PEN,34900,6282,41182
factura_20,registrada,,20488990013,F002,00001703,2026-07-13,PEN,270000,48600,318600
factura_21,registrada,,20511223343,F003,00001740,2026-09-09,PEN,283250,50985,334235
factura_22,registrada,,20609876540,F001,00001777,2026-08-13,PEN,131100,23598,154698
factura_23,revision,RUC del emisor inválido,20488990016,F002,00001814,2026-06-12,PEN,663700,119466,783166
factura_24,revision,el IGV no es el 18 % de la base,20700112234,F003,00001851,2026-08-14,PEN,426300,78234,504534
factura_25,revision,el total no es base + IGV,20555666773,F001,00001888,2026-06-10,PEN,412480,74246,496726
factura_26,revision,fecha de emisión en el futuro,20488990013,F002,00001925,2026-10-03,PEN,40450,7281,47731
factura_27,revision,factura emitida a otro RUC,20511223343,F003,00001962,2026-06-02,PEN,194950,35091,230041
factura_28,registrada,,20609876540,F001,00001999,2026-09-09,USD,211200,38016,249216
factura_29,faltan_datos,,10456789124,F002,00002036,2026-09-04,PEN,260000,46800,
factura_30,faltan_datos,,20700112234,F003,00002073,2026-08-08,PEN,1145960,,1352233
factura_31,duplicada,,20609876540,F001,00001111,2026-09-04,PEN,454500,81810,536310
factura_32,duplicada,,10456789124,F002,00001370,2026-09-05,PEN,60300,10854,71154
